Feature1,Feature2,Correlation
radius_mean,perimeter_mean,0.9978552814938109
radius_mean,area_mean,0.9873571700566127
radius_mean,concavity_mean,0.6767635503908104
radius_mean,compactness_mean,0.5061235775263634
radius_mean,concave_points_mean,0.8225285223871786
perimeter_mean,radius_mean,0.9978552814938109
perimeter_mean,area_mean,0.9865068039913907
perimeter_mean,concavity_mean,0.7161356501174047
perimeter_mean,compactness_mean,0.556936210879562
perimeter_mean,concave_points_mean,0.8509770412528191
area_mean,radius_mean,0.9873571700566127
area_mean,perimeter_mean,0.9865068039913907
area_mean,concavity_mean,0.6859828285519112
area_mean,compactness_mean,0.49850168215241186
area_mean,concave_points_mean,0.8232688686524342
concavity_mean,radius_mean,0.6767635503908104
concavity_mean,perimeter_mean,0.7161356501174047
concavity_mean,area_mean,0.6859828285519112
concavity_mean,compactness_mean,0.8831206701772507
concavity_mean,concave_points_mean,0.9213910263788588
compactness_mean,radius_mean,0.5061235775263634
compactness_mean,perimeter_mean,0.556936210879562
compactness_mean,area_mean,0.49850168215241186
compactness_mean,concavity_mean,0.8831206701772507
compactness_mean,concave_points_mean,0.831135043133698
concave_points_mean,radius_mean,0.8225285223871786
concave_points_mean,perimeter_mean,0.8509770412528191
concave_points_mean,area_mean,0.8232688686524342
concave_points_mean,concavity_mean,0.9213910263788588
concave_points_mean,compactness_mean,0.831135043133698
